https://iko-yo.net/facilities?page=966,Nemaru Cafe（ネマルカフェ）,https://iko-yo.net/facilities/83728
https://iko-yo.net/facilities?page=966,さくら児童遊園（杉並区）,https://iko-yo.net/facilities/84038
https://iko-yo.net/facilities?page=966,あざみ野西公園,https://iko-yo.net/facilities/84092
https://iko-yo.net/facilities?page=966,青葉台第二公園,https://iko-yo.net/facilities/84120
https://iko-yo.net/facilities?page=966,あかね台西が谷公園,https://iko-yo.net/facilities/84175
https://iko-yo.net/facilities?page=966,東公園（益田市）,https://iko-yo.net/facilities/84186
https://iko-yo.net/facilities?page=966,佐藤多三郎家,https://iko-yo.net/facilities/84256
https://iko-yo.net/facilities?page=967,全室スイートルーム！離島リゾートで至福の家族旅を満喫,https://iko-yo.net/listing_ads/23695/listing_clicks?n=f93b0af0853a355758c196f17f8aecac7a251d84p1p11p65325p0
https://iko-yo.net/facilities?page=967,菖蒲谷池自然公園,https://iko-yo.net/facilities/84840
https://iko-yo.net/facilities?page=967,本多公園,https://iko-yo.net/facilities/84875
https://iko-yo.net/facilities?page=967,城の子公園,https://iko-yo.net/facilities/84881
https://iko-yo.net/facilities?page=967,成田西ふれあい農業公園,https://iko-yo.net/facilities/84911
https://iko-yo.net/facilities?page=967,ベイサイド,https://iko-yo.net/facilities/85044
https://iko-yo.net/facilities?page=967,北九州国際会議場,https://iko-yo.net/facilities/85075
https://iko-yo.net/facilities?page=967,パパママも自分の時間を楽しむ！自然に囲まれたリゾート,https://iko-yo.net/listing_ads/23694/listing_clicks?n=234092d53f6355b6a129110ce23a8709c313368ep2p10p59573p0
https://iko-yo.net/facilities?page=967,竹村貸舟店,https://iko-yo.net/facilities/85086
https://iko-yo.net/facilities?page=967,仙石原公園,https://iko-yo.net/facilities/85160
https://iko-yo.net/facilities?page=967,御舟川緑道,https://iko-yo.net/facilities/85276
https://iko-yo.net/facilities?page=967,マムエモア恵比寿店,https://iko-yo.net/facilities/81543
https://iko-yo.net/facilities?page=967,金勝児童館,https://iko-yo.net/facilities/81573
https://iko-yo.net/facilities?page=967,高橋公園,https://iko-yo.net/facilities/81578
https://iko-yo.net/facilities?page=967,忠霊塔公園,https://iko-yo.net/facilities/81580
https://iko-yo.net/facilities?page=968,青い海に囲まれた離島で！小さな子供のリゾートデビュー,https://iko-yo.net/listing_ads/23695/listing_clicks?n=21fc8724118601b0193c7fd0bbdded6bc550c22bp1p11p64479p0
https://iko-yo.net/facilities?page=968,人吉市図書館,https://iko-yo.net/facilities/81612
https://iko-yo.net/facilities?page=968,中田都市農業交流センター（中田やつ耕園）,https://iko-yo.net/facilities/81619
https://iko-yo.net/facilities?page=968,柚木公園,https://iko-yo.net/facilities/81623
https://iko-yo.net/facilities?page=968,親水公園,https://iko-yo.net/facilities/81626
https://iko-yo.net/facilities?page=968,猪子山第一公園,https://iko-yo.net/facilities/81651
https://iko-yo.net/facilities?page=968,阿田峯公園,https://iko-yo.net/facilities/81653
https://iko-yo.net/facilities?page=968,パパママも自分の時間を楽しむ！自然に囲まれたリゾート,https://iko-yo.net/listing_ads/23694/listing_clicks?n=234092d53f6355b6a129110ce23a8709c313368ep2p10p59573p0
https://iko-yo.net/facilities?page=968,かがみ図書館,https://iko-yo.net/facilities/81691
https://iko-yo.net/facilities?page=968,追分市民の森,https://iko-yo.net/facilities/81751
https://iko-yo.net/facilities?page=968,サホロリゾートホテル,https://iko-yo.net/facilities/81777
https://iko-yo.net/facilities?page=968,古波蔵児童館,https://iko-yo.net/facilities/81832
https://iko-yo.net/facilities?page=968,中央公園（蒲郡市）,https://iko-yo.net/facilities/81844
https://iko-yo.net/facilities?page=968,上勢桑江児童館,https://iko-yo.net/facilities/81910
https://iko-yo.net/facilities?page=968,book and cafe gleam,https://iko-yo.net/facilities/81979
https://iko-yo.net/facilities?page=969,青い海に囲まれた離島で！小さな子供のリゾートデビュー,https://iko-yo.net/listing_ads/23695/listing_clicks?n=21fc8724118601b0193c7fd0bbdded6bc550c22bp1p11p64479p0
https://iko-yo.net/facilities?page=969,早島児童館,https://iko-yo.net/facilities/82132
https://iko-yo.net/facilities?page=969,植松児童館,https://iko-yo.net/facilities/82138
https://iko-yo.net/facilities?page=969,空清町公園,https://iko-yo.net/facilities/82189
https://iko-yo.net/facilities?page=969,有峰記念館,https://iko-yo.net/facilities/82334
https://iko-yo.net/facilities?page=969,阿佐谷西公園,https://iko-yo.net/facilities/82353
https://iko-yo.net/facilities?page=969,石田城（福江城）,https://iko-yo.net/facilities/82375
https://iko-yo.net/facilities?page=969,パパママも自分の時間を楽しむ！自然に囲まれたリゾート,https://iko-yo.net/listing_ads/23694/listing_clicks?n=234092d53f6355b6a129110ce23a8709c313368ep2p10p59573p0
https://iko-yo.net/facilities?page=969,小黒公園,https://iko-yo.net/facilities/88072
https://iko-yo.net/facilities?page=969,嶮山公園,https://iko-yo.net/facilities/88076
https://iko-yo.net/facilities?page=969,鴨志田第六公園,https://iko-yo.net/facilities/88088
https://iko-yo.net/facilities?page=969,楓公園,https://iko-yo.net/facilities/88212
https://iko-yo.net/facilities?page=969,からあげ和幸 本店,https://iko-yo.net/facilities/88243
https://iko-yo.net/facilities?page=969,星の森ちびっこ広場,https://iko-yo.net/facilities/88250
https://iko-yo.net/facilities?page=969,駅前第4ちびっこ広場,https://iko-yo.net/facilities/88434
https://iko-yo.net/facilities?page=970,全室スイートルーム！離島リゾートで至福の家族旅を満喫,https://iko-yo.net/listing_ads/23695/listing_clicks?n=f93b0af0853a355758c196f17f8aecac7a251d84p1p11p65325p0
https://iko-yo.net/facilities?page=970,からあげ和幸 本店,https://iko-yo.net/facilities/88243
https://iko-yo.net/facilities?page=970,星の森ちびっこ広場,https://iko-yo.net/facilities/88250
https://iko-yo.net/facilities?page=970,駅前第4ちびっこ広場,https://iko-yo.net/facilities/88434
https://iko-yo.net/facilities?page=970,金岡町セコイア公園,https://iko-yo.net/facilities/88531
https://iko-yo.net/facilities?page=970,むじなが池公園,https://iko-yo.net/facilities/88563
https://iko-yo.net/facilities?page=970,免除川公園,https://iko-yo.net/facilities/88706
https://iko-yo.net/facilities?page=970,豊かな自然とふれる！日本初アグリツーリズモリゾート！,https://iko-yo.net/listing_ads/23694/listing_clicks?n=1125a952ec4ae3d16ce5d5dd2dfc5d9b132e8846p2p10p61980p0
https://iko-yo.net/facilities?page=970,正覚寺公園,https://iko-yo.net/facilities/88838
https://iko-yo.net/facilities?page=970,砺波嵐山,https://iko-yo.net/facilities/88861
https://iko-yo.net/facilities?page=970,東公園（霧島市）,https://iko-yo.net/facilities/88888
https://iko-yo.net/facilities?page=970,東根公園,https://iko-yo.net/facilities/88895
https://iko-yo.net/facilities?page=970,桜川公園（川崎市）,https://iko-yo.net/facilities/89065
https://iko-yo.net/facilities?page=970,吉見町ふれあい広場,https://iko-yo.net/facilities/61431
https://iko-yo.net/facilities?page=970,洋光台西公園,https://iko-yo.net/facilities/61613
https://iko-yo.net/facilities?page=971,非日常を過ごせる極上のビーチリゾート！思い出の家族旅,https://iko-yo.net/listing_ads/23695/listing_clicks?n=9614d2e3d2c8b0b9ac86b3b6f817838d7d51a9fcp1p11p57823p0
https://iko-yo.net/facilities?page=971,鴻池第一公園,https://iko-yo.net/facilities/106129
https://iko-yo.net/facilities?page=971,香里西公園,https://iko-yo.net/facilities/106148
https://iko-yo.net/facilities?page=971,ウェルネスの森 那須,https://iko-yo.net/facilities/106392
https://iko-yo.net/facilities?page=971,桜小路公園（第二ハス池）,https://iko-yo.net/facilities/106487
https://iko-yo.net/facilities?page=971,南堂木公園,https://iko-yo.net/facilities/106544
https://iko-yo.net/facilities?page=971,Himeshara（ヒメシャラ）,https://iko-yo.net/facilities/106690
https://iko-yo.net/facilities?page=971,小さな子供も自然にふれあえる！快適なリゾートデビュー,https://iko-yo.net/listing_ads/23694/listing_clicks?n=67471a81798015badf34e31e5122cd93ef23a95ep2p10p64576p0
https://iko-yo.net/facilities?page=971,なかよし公園（栃木市）,https://iko-yo.net/facilities/106734
https://iko-yo.net/facilities?page=971,皆野町運動公園（み～な公園）,https://iko-yo.net/facilities/107201
https://iko-yo.net/facilities?page=971,中田ふれあいの樹林,https://iko-yo.net/facilities/107439
https://iko-yo.net/facilities?page=971,らーめん木蓮,https://iko-yo.net/facilities/104293
https://iko-yo.net/facilities?page=971,松が谷梅園公園,https://iko-yo.net/facilities/104343
https://iko-yo.net/facilities?page=971,桜ヶ丘公園（八尾市）,https://iko-yo.net/facilities/104355
https://iko-yo.net/facilities?page=971,大瀬もみの木児童公園,https://iko-yo.net/facilities/104398
https://iko-yo.net/facilities?page=972,青い海に囲まれた離島で！小さな子供のリゾートデビュー,https://iko-yo.net/listing_ads/23695/listing_clicks?n=21fc8724118601b0193c7fd0bbdded6bc550c22bp1p11p64479p0
https://iko-yo.net/facilities?page=972,鈴鹿峠,https://iko-yo.net/facilities/56699
https://iko-yo.net/facilities?page=972,糸貫民俗資料館,https://iko-yo.net/facilities/56710
https://iko-yo.net/facilities?page=972,須和田公園,https://iko-yo.net/facilities/56748
https://iko-yo.net/facilities?page=972,白山神社（岐阜県）,https://iko-yo.net/facilities/56788
https://iko-yo.net/facilities?page=972,伊場遺跡公園,https://iko-yo.net/facilities/56851
https://iko-yo.net/facilities?page=972,布引の滝（津市）,https://iko-yo.net/facilities/56872
https://iko-yo.net/facilities?page=972,パパママも自分の時間を楽しむ！自然に囲まれたリゾート,https://iko-yo.net/listing_ads/23694/listing_clicks?n=234092d53f6355b6a129110ce23a8709c313368ep2p10p59573p0
https://iko-yo.net/facilities?page=972,謡坂,https://iko-yo.net/facilities/56946
https://iko-yo.net/facilities?page=972,和泉式部廟所,https://iko-yo.net/facilities/56950
https://iko-yo.net/facilities?page=972,天然寺,https://iko-yo.net/facilities/56961
https://iko-yo.net/facilities?page=972,白山白川自然休養林,https://iko-yo.net/facilities/56975
https://iko-yo.net/facilities?page=972,ホリデイハウス　グリーンガーデン,https://iko-yo.net/facilities/56984
https://iko-yo.net/facilities?page=972,昇町親水公園,https://iko-yo.net/facilities/57029
https://iko-yo.net/facilities?page=972,庄所公園,https://iko-yo.net/facilities/57046
https://iko-yo.net/facilities?page=973,青い海に囲まれた離島で！小さな子供のリゾートデビュー,https://iko-yo.net/listing_ads/23695/listing_clicks?n=21fc8724118601b0193c7fd0bbdded6bc550c22bp1p11p64479p0
https://iko-yo.net/facilities?page=973,ひかりの丘公園,https://iko-yo.net/facilities/98391
https://iko-yo.net/facilities?page=973,逗子市立図書館,https://iko-yo.net/facilities/99210
https://iko-yo.net/facilities?page=973,寒川総合図書館,https://iko-yo.net/facilities/99231
https://iko-yo.net/facilities?page=973,まなづる図書館,https://iko-yo.net/facilities/99242
https://iko-yo.net/facilities?page=973,楓川弾正橋公園,https://iko-yo.net/facilities/99467
https://iko-yo.net/facilities?page=973,オレンジ カウンティ Café（オレンジカウンティカフェ）,https://iko-yo.net/facilities/99646
https://iko-yo.net/facilities?page=973,小さな子供も自然にふれあえる！快適なリゾートデビュー,https://iko-yo.net/listing_ads/23694/listing_clicks?n=67471a81798015badf34e31e5122cd93ef23a95ep2p10p64576p0
https://iko-yo.net/facilities?page=973,仲宿ふれあい広場,https://iko-yo.net/facilities/99781
https://iko-yo.net/facilities?page=973,中東公園,https://iko-yo.net/facilities/99801
https://iko-yo.net/facilities?page=973,野火止七丁目ふれあい公園,https://iko-yo.net/facilities/99806
https://iko-yo.net/facilities?page=973,グリーンランド児童遊園,https://iko-yo.net/facilities/99814
https://iko-yo.net/facilities?page=973,中央林間図書館,https://iko-yo.net/facilities/107686
https://iko-yo.net/facilities?page=973,籠原中央公園,https://iko-yo.net/facilities/107843
https://iko-yo.net/facilities?page=973,金武町スポーツ広場,https://iko-yo.net/facilities/107849
https://iko-yo.net/facilities?page=974,全室スイートルーム！離島リゾートで至福の家族旅を満喫,https://iko-yo.net/listing_ads/23695/listing_clicks?n=f93b0af0853a355758c196f17f8aecac7a251d84p1p11p65325p0
https://iko-yo.net/facilities?page=974,飯尾寺（飯尾の不動さま）,https://iko-yo.net/facilities/42539
https://iko-yo.net/facilities?page=974,うまくたの路,https://iko-yo.net/facilities/42569
https://iko-yo.net/facilities?page=974,仏果山,https://iko-yo.net/facilities/42572
https://iko-yo.net/facilities?page=974,八菅神社,https://iko-yo.net/facilities/42575
https://iko-yo.net/facilities?page=974,鷲羽ハイランドホテル,https://iko-yo.net/facilities/42599
https://iko-yo.net/facilities?page=974,鷲羽グランドホテル備前屋甲子,https://iko-yo.net/facilities/42606
https://iko-yo.net/facilities?page=974,パパママも自分の時間を楽しむ！自然に囲まれたリゾート,https://iko-yo.net/listing_ads/23694/listing_clicks?n=234092d53f6355b6a129110ce23a8709c313368ep2p10p59573p0
https://iko-yo.net/facilities?page=974,猪ノ田温泉　絹の湯,https://iko-yo.net/facilities/42611
https://iko-yo.net/facilities?page=974,国立市古民家,https://iko-yo.net/facilities/42661
https://iko-yo.net/facilities?page=974,陽だまり温泉　花の湯,https://iko-yo.net/facilities/42750
https://iko-yo.net/facilities?page=974,烏場山,https://iko-yo.net/facilities/42774
https://iko-yo.net/facilities?page=974,近藤勇陣屋跡,https://iko-yo.net/facilities/42797
https://iko-yo.net/facilities?page=974,丹沢ホーム フィッシングエリア,https://iko-yo.net/facilities/42819
https://iko-yo.net/facilities?page=974,徳昌寺（群馬県）,https://iko-yo.net/facilities/42827
https://iko-yo.net/facilities?page=975,全室スイートルーム！離島リゾートで至福の家族旅を満喫,https://iko-yo.net/listing_ads/23695/listing_clicks?n=f93b0af0853a355758c196f17f8aecac7a251d84p1p11p65325p0
https://iko-yo.net/facilities?page=975,玉川上水緑道,https://iko-yo.net/facilities/42926
https://iko-yo.net/facilities?page=975,湯～とぴあ黄金泉,https://iko-yo.net/facilities/42946
https://iko-yo.net/facilities?page=975,搭ノ岳,https://iko-yo.net/facilities/42978
https://iko-yo.net/facilities?page=975,APPI温泉　白樺の湯,https://iko-yo.net/facilities/42988
https://iko-yo.net/facilities?page=975,舞鶴の湯,https://iko-yo.net/facilities/42998
https://iko-yo.net/facilities?page=975,震生湖売店,https://iko-yo.net/facilities/43002
https://iko-yo.net/facilities?page=975,パパママも自分の時間を楽しむ！自然に囲まれたリゾート,https://iko-yo.net/listing_ads/23694/listing_clicks?n=234092d53f6355b6a129110ce23a8709c313368ep2p10p59573p0
https://iko-yo.net/facilities?page=975,かぶと湯温泉,https://iko-yo.net/facilities/43030
https://iko-yo.net/facilities?page=975,広沢寺温泉,https://iko-yo.net/facilities/43033
https://iko-yo.net/facilities?page=975,うらたんざわ渓流釣場,https://iko-yo.net/facilities/43055
https://iko-yo.net/facilities?page=975,神津島温泉保養センター,https://iko-yo.net/facilities/43068
https://iko-yo.net/facilities?page=975,竹林公園,https://iko-yo.net/facilities/43088
https://iko-yo.net/facilities?page=975,臼杵市民球場,https://iko-yo.net/facilities/78627
https://iko-yo.net/facilities?page=975,大谷温泉,https://iko-yo.net/facilities/78670
https://iko-yo.net/facilities?page=976,青い海に囲まれた離島で！小さな子供のリゾートデビュー,https://iko-yo.net/listing_ads/23695/listing_clicks?n=21fc8724118601b0193c7fd0bbdded6bc550c22bp1p11p64479p0
https://iko-yo.net/facilities?page=976,長根山運動公園野球場,https://iko-yo.net/facilities/78784
https://iko-yo.net/facilities?page=976,鳥屋野運動公園野球場,https://iko-yo.net/facilities/79013
https://iko-yo.net/facilities?page=976,はぎその緑地,https://iko-yo.net/facilities/79028
https://iko-yo.net/facilities?page=976,田上町営羽生田野球場,https://iko-yo.net/facilities/79057
https://iko-yo.net/facilities?page=976,ドーミーインEXPRESS仙台広瀬通（ドーミーインエクスプレス仙台広瀬通）,https://iko-yo.net/facilities/79155
https://iko-yo.net/facilities?page=976,大東総合運動場,https://iko-yo.net/facilities/79272
https://iko-yo.net/facilities?page=976,パパママも自分の時間を楽しむ！自然に囲まれたリゾート,https://iko-yo.net/listing_ads/23694/listing_clicks?n=234092d53f6355b6a129110ce23a8709c313368ep2p10p59573p0
https://iko-yo.net/facilities?page=976,北郷公園（足利市）,https://iko-yo.net/facilities/79402
https://iko-yo.net/facilities?page=976,蛇崩川緑道,https://iko-yo.net/facilities/79578
https://iko-yo.net/facilities?page=976,ふれあいジム・かなぎ,https://iko-yo.net/facilities/79739
https://iko-yo.net/facilities?page=976,山田スポーツグラウンド,https://iko-yo.net/facilities/79753
https://iko-yo.net/facilities?page=976,畳工芸美術館,https://iko-yo.net/facilities/79819
https://iko-yo.net/facilities?page=976,本町緑地,https://iko-yo.net/facilities/79978
https://iko-yo.net/facilities?page=976,クリエイトセイブ 風の家,https://iko-yo.net/facilities/80043
https://iko-yo.net/facilities?page=977,青い海に囲まれた離島で！小さな子供のリゾートデビュー,https://iko-yo.net/listing_ads/23695/listing_clicks?n=21fc8724118601b0193c7fd0bbdded6bc550c22bp1p11p64479p0
https://iko-yo.net/facilities?page=977,かんぽの宿　赤穂,https://iko-yo.net/facilities/80102
https://iko-yo.net/facilities?page=977,大塚公園（八王子市）,https://iko-yo.net/facilities/80150
https://iko-yo.net/facilities?page=977,中通児童館,https://iko-yo.net/facilities/80176
https://iko-yo.net/facilities?page=977,足利市総合運動場,https://iko-yo.net/facilities/80205
https://iko-yo.net/facilities?page=977,盛岡市立杜陵児童センター,https://iko-yo.net/facilities/80234
https://iko-yo.net/facilities?page=977,川目児童センター簗川分室,https://iko-yo.net/facilities/80244
https://iko-yo.net/facilities?page=977,豊かな自然とふれる！日本初アグリツーリズモリゾート！,https://iko-yo.net/listing_ads/23694/listing_clicks?n=1125a952ec4ae3d16ce5d5dd2dfc5d9b132e8846p2p10p61980p0
https://iko-yo.net/facilities?page=977,大日苑（足利市）,https://iko-yo.net/facilities/80247
https://iko-yo.net/facilities?page=977,府中市民球場,https://iko-yo.net/facilities/80259
https://iko-yo.net/facilities?page=977,豊島区立総合体育場,https://iko-yo.net/facilities/80267
https://iko-yo.net/facilities?page=977,専門店街フォーリス,https://iko-yo.net/facilities/80277
https://iko-yo.net/facilities?page=977,蓼沼緑地公園,https://iko-yo.net/facilities/80290
https://iko-yo.net/facilities?page=977,二戸市仁左平児童館,https://iko-yo.net/facilities/80312
https://iko-yo.net/facilities?page=977,吉野ヶ里町三田川児童館,https://iko-yo.net/facilities/80317
https://iko-yo.net/facilities?page=978,全室スイートルーム！離島リゾートで至福の家族旅を満喫,https://iko-yo.net/listing_ads/23695/listing_clicks?n=f93b0af0853a355758c196f17f8aecac7a251d84p1p11p65325p0
https://iko-yo.net/facilities?page=978,古虎渓,https://iko-yo.net/facilities/51476
https://iko-yo.net/facilities?page=978,豊浜 魚ひろば,https://iko-yo.net/facilities/51496
https://iko-yo.net/facilities?page=978,がんだて公園,https://iko-yo.net/facilities/51498
https://iko-yo.net/facilities?page=978,中山道ミニ博物館,https://iko-yo.net/facilities/51552
https://iko-yo.net/facilities?page=978,釜戸温泉　水月館,https://iko-yo.net/facilities/51587
https://iko-yo.net/facilities?page=978,花房の滝,https://iko-yo.net/facilities/51626
https://iko-yo.net/facilities?page=978,パパママも自分の時間を楽しむ！自然に囲まれたリゾート,https://iko-yo.net/listing_ads/23694/listing_clicks?n=234092d53f6355b6a129110ce23a8709c313368ep2p10p59573p0
https://iko-yo.net/facilities?page=978,尾鷲湾,https://iko-yo.net/facilities/51731
https://iko-yo.net/facilities?page=978,竹神社,https://iko-yo.net/facilities/51801
https://iko-yo.net/facilities?page=978,差田グラウンド,https://iko-yo.net/facilities/51809
https://iko-yo.net/facilities?page=978,金峰ふれあいの森,https://iko-yo.net/facilities/51813
https://iko-yo.net/facilities?page=978,田丸城跡,https://iko-yo.net/facilities/51909
https://iko-yo.net/facilities?page=978,ふれあい街道,https://iko-yo.net/facilities/51919
https://iko-yo.net/facilities?page=978,片野記念館,https://iko-yo.net/facilities/51944
https://iko-yo.net/facilities?page=979,非日常を過ごせる極上のビーチリゾート！思い出の家族旅,https://iko-yo.net/listing_ads/23695/listing_clicks?n=9614d2e3d2c8b0b9ac86b3b6f817838d7d51a9fcp1p11p57823p0
https://iko-yo.net/facilities?page=979,殿町第2公園,https://iko-yo.net/facilities/124656
https://iko-yo.net/facilities?page=979,小向第１公園,https://iko-yo.net/facilities/124692
https://iko-yo.net/facilities?page=979,殿町第３公園,https://iko-yo.net/facilities/124724
https://iko-yo.net/facilities?page=979,細山金井久保北公園,https://iko-yo.net/facilities/124846
https://iko-yo.net/facilities?page=979,宮下本町３丁目公園,https://iko-yo.net/facilities/125032
https://iko-yo.net/facilities?page=979,水郷田名２丁目公園(相模原市中央区),https://iko-yo.net/facilities/125178
https://iko-yo.net/facilities?page=979,豊かな自然とふれる！日本初アグリツーリズモリゾート！,https://iko-yo.net/listing_ads/23694/listing_clicks?n=1125a952ec4ae3d16ce5d5dd2dfc5d9b132e8846p2p10p61980p0
https://iko-yo.net/facilities?page=979,丸屋公園,https://iko-yo.net/facilities/125218
https://iko-yo.net/facilities?page=979,由野台第３公園,https://iko-yo.net/facilities/125275
https://iko-yo.net/facilities?page=979,鹿島台公園,https://iko-yo.net/facilities/125345
https://iko-yo.net/facilities?page=979,上溝中央公園,https://iko-yo.net/facilities/125387
https://iko-yo.net/facilities?page=979,上溝川辺公園,https://iko-yo.net/facilities/125413
https://iko-yo.net/facilities?page=979,しおだテクノパイル公園,https://iko-yo.net/facilities/125421
https://iko-yo.net/facilities?page=979,中山公園（市川市）,https://iko-yo.net/facilities/117302
https://iko-yo.net/facilities?page=980,全室スイートルーム！離島リゾートで至福の家族旅を満喫,https://iko-yo.net/listing_ads/23695/listing_clicks?n=f93b0af0853a355758c196f17f8aecac7a251d84p1p11p65325p0
https://iko-yo.net/facilities?page=980,クリエイトセイブ 風の家,https://iko-yo.net/facilities/80043
https://iko-yo.net/facilities?page=980,御所山公園,https://iko-yo.net/facilities/80076
https://iko-yo.net/facilities?page=980,川東児童館,https://iko-yo.net/facilities/80084
https://iko-yo.net/facilities?page=980,かんぽの宿　赤穂,https://iko-yo.net/facilities/80102
https://iko-yo.net/facilities?page=980,大塚公園（八王子市）,https://iko-yo.net/facilities/80150
https://iko-yo.net/facilities?page=980,中通児童館,https://iko-yo.net/facilities/80176
https://iko-yo.net/facilities?page=980,豊かな自然とふれる！日本初アグリツーリズモリゾート！,https://iko-yo.net/listing_ads/23694/listing_clicks?n=1125a952ec4ae3d16ce5d5dd2dfc5d9b132e8846p2p10p61980p0
https://iko-yo.net/facilities?page=980,足利市総合運動場,https://iko-yo.net/facilities/80205
https://iko-yo.net/facilities?page=980,盛岡市立杜陵児童センター,https://iko-yo.net/facilities/80234
https://iko-yo.net/facilities?page=980,川目児童センター簗川分室,https://iko-yo.net/facilities/80244
https://iko-yo.net/facilities?page=980,大日苑（足利市）,https://iko-yo.net/facilities/80247
https://iko-yo.net/facilities?page=980,府中市民球場,https://iko-yo.net/facilities/80259
https://iko-yo.net/facilities?page=980,豊島区立総合体育場,https://iko-yo.net/facilities/80267
https://iko-yo.net/facilities?page=980,専門店街フォーリス,https://iko-yo.net/facilities/80277
https://iko-yo.net/facilities?page=981,全室スイートルーム！離島リゾートで至福の家族旅を満喫,https://iko-yo.net/listing_ads/23695/listing_clicks?n=f93b0af0853a355758c196f17f8aecac7a251d84p1p11p65325p0
https://iko-yo.net/facilities?page=981,蜂谷森公園,https://iko-yo.net/facilities/53073
https://iko-yo.net/facilities?page=981,薬師公園（栗原市）,https://iko-yo.net/facilities/53077
https://iko-yo.net/facilities?page=981,館山公園,https://iko-yo.net/facilities/53080
https://iko-yo.net/facilities?page=981,タクロン公園,https://iko-yo.net/facilities/53126
https://iko-yo.net/facilities?page=981,なかよし公園,https://iko-yo.net/facilities/53150
https://iko-yo.net/facilities?page=981,浅舞公園,https://iko-yo.net/facilities/53165
https://iko-yo.net/facilities?page=981,豊かな自然とふれる！日本初アグリツーリズモリゾート！,https://iko-yo.net/listing_ads/23694/listing_clicks?n=1125a952ec4ae3d16ce5d5dd2dfc5d9b132e8846p2p10p61980p0
https://iko-yo.net/facilities?page=981,大正公園,https://iko-yo.net/facilities/53195
https://iko-yo.net/facilities?page=981,美郷町カントリーパーク,https://iko-yo.net/facilities/53205
https://iko-yo.net/facilities?page=981,泡の巻公園,https://iko-yo.net/facilities/53225
https://iko-yo.net/facilities?page=981,観音山公園（いわき市）,https://iko-yo.net/facilities/53239
https://iko-yo.net/facilities?page=981,大鏑矢ふれあい公園,https://iko-yo.net/facilities/53285
https://iko-yo.net/facilities?page=981,追手門広場,https://iko-yo.net/facilities/53288
https://iko-yo.net/facilities?page=981,長勝寺,https://iko-yo.net/facilities/53333
https://iko-yo.net/facilities?page=982,非日常を過ごせる極上のビーチリゾート！思い出の家族旅,https://iko-yo.net/listing_ads/23695/listing_clicks?n=9614d2e3d2c8b0b9ac86b3b6f817838d7d51a9fcp1p11p57823p0
https://iko-yo.net/facilities?page=982,茶臼岳展望台,https://iko-yo.net/facilities/53464
https://iko-yo.net/facilities?page=982,香々美ダム,https://iko-yo.net/facilities/38631
https://iko-yo.net/facilities?page=982,白山比め神社(白山神社),https://iko-yo.net/facilities/38638
https://iko-yo.net/facilities?page=982,金城町七条朝市 村じまん屋甚左エ門,https://iko-yo.net/facilities/38674
https://iko-yo.net/facilities?page=982,ＪＡ香川県国分寺支部産直市,https://iko-yo.net/facilities/38685
https://iko-yo.net/facilities?page=982,滝山公園（日野町）,https://iko-yo.net/facilities/38688
https://iko-yo.net/facilities?page=982,小さな子供も自然にふれあえる！快適なリゾートデビュー,https://iko-yo.net/listing_ads/23694/listing_clicks?n=67471a81798015badf34e31e5122cd93ef23a95ep2p10p64576p0
https://iko-yo.net/facilities?page=982,卜蔵庭園,https://iko-yo.net/facilities/38708
https://iko-yo.net/facilities?page=982,竜王滝,https://iko-yo.net/facilities/38723
https://iko-yo.net/facilities?page=982,てっぱん食堂,https://iko-yo.net/facilities/38729
https://iko-yo.net/facilities?page=982,小川家雪舟庭園,https://iko-yo.net/facilities/38750
https://iko-yo.net/facilities?page=982,新高山城跡,https://iko-yo.net/facilities/38767
https://iko-yo.net/facilities?page=982,岩屋城跡,https://iko-yo.net/facilities/38769
https://iko-yo.net/facilities?page=982,朝日たたら,https://iko-yo.net/facilities/38942
https://iko-yo.net/facilities?page=983,非日常を過ごせる極上のビーチリゾート！思い出の家族旅,https://iko-yo.net/listing_ads/23695/listing_clicks?n=9614d2e3d2c8b0b9ac86b3b6f817838d7d51a9fcp1p11p57823p0
https://iko-yo.net/facilities?page=983,天竺野自然公園,https://iko-yo.net/facilities/39061
https://iko-yo.net/facilities?page=983,北六番丁コミュニティ児童館,https://iko-yo.net/facilities/39067
https://iko-yo.net/facilities?page=983,ダルガ峰,https://iko-yo.net/facilities/39082
https://iko-yo.net/facilities?page=983,由宇歴史民俗資料館,https://iko-yo.net/facilities/39086
https://iko-yo.net/facilities?page=983,桐生自然観察の森,https://iko-yo.net/facilities/39104
https://iko-yo.net/facilities?page=983,比熊山城跡,https://iko-yo.net/facilities/39123
https://iko-yo.net/facilities?page=983,豊かな自然とふれる！日本初アグリツーリズモリゾート！,https://iko-yo.net/listing_ads/23694/listing_clicks?n=1125a952ec4ae3d16ce5d5dd2dfc5d9b132e8846p2p10p61980p0
https://iko-yo.net/facilities?page=983,敷地神社,https://iko-yo.net/facilities/39128
https://iko-yo.net/facilities?page=983,定山渓温泉　湯の花,https://iko-yo.net/facilities/39163
https://iko-yo.net/facilities?page=983,宮の前廃寺跡,https://iko-yo.net/facilities/39246
https://iko-yo.net/facilities?page=983,久慈平岳キャンプ場,https://iko-yo.net/facilities/39269
https://iko-yo.net/facilities?page=983,田舎cafe おそらゆき,https://iko-yo.net/facilities/39283
https://iko-yo.net/facilities?page=983,愛宕山展望台・湯かむりの塔,https://iko-yo.net/facilities/39327
https://iko-yo.net/facilities?page=983,神之瀬峡県立自然公園,https://iko-yo.net/facilities/39331
https://iko-yo.net/facilities?page=984,青い海に囲まれた離島で！小さな子供のリゾートデビュー,https://iko-yo.net/listing_ads/23695/listing_clicks?n=21fc8724118601b0193c7fd0bbdded6bc550c22bp1p11p64479p0
https://iko-yo.net/facilities?page=984,あおい公園,https://iko-yo.net/facilities/129342
https://iko-yo.net/facilities?page=984,こぶし公園（飯能市）,https://iko-yo.net/facilities/129767
https://iko-yo.net/facilities?page=984,屋敷近隣公園,https://iko-yo.net/facilities/129833
https://iko-yo.net/facilities?page=984,みーるマ～マ 本店,https://iko-yo.net/facilities/129839
https://iko-yo.net/facilities?page=984,唐沢公園,https://iko-yo.net/facilities/129951
https://iko-yo.net/facilities?page=984,北野台中央公園,https://iko-yo.net/facilities/129962
https://iko-yo.net/facilities?page=984,豊かな自然とふれる！日本初アグリツーリズモリゾート！,https://iko-yo.net/listing_ads/23694/listing_clicks?n=1125a952ec4ae3d16ce5d5dd2dfc5d9b132e8846p2p10p61980p0
https://iko-yo.net/facilities?page=984,亘理町中央児童センター,https://iko-yo.net/facilities/130058
https://iko-yo.net/facilities?page=984,夏見台東公園,https://iko-yo.net/facilities/130131
https://iko-yo.net/facilities?page=984,東矢口二丁目児童公園,https://iko-yo.net/facilities/130203
https://iko-yo.net/facilities?page=984,西蒲田五丁目ふれあい児童公園,https://iko-yo.net/facilities/130231
https://iko-yo.net/facilities?page=984,袖ケ浦東近隣公園,https://iko-yo.net/facilities/130264
https://iko-yo.net/facilities?page=984,池の前水上公園,https://iko-yo.net/facilities/130318
https://iko-yo.net/facilities?page=984,コンフォートホテル釧路,https://iko-yo.net/facilities/130373
https://iko-yo.net/facilities?page=985,非日常を過ごせる極上のビーチリゾート！思い出の家族旅,https://iko-yo.net/listing_ads/23695/listing_clicks?n=9614d2e3d2c8b0b9ac86b3b6f817838d7d51a9fcp1p11p57823p0
https://iko-yo.net/facilities?page=985,利根別自然公園 （利根別原生林）,https://iko-yo.net/facilities/48666
https://iko-yo.net/facilities?page=985,北又キャンプ場,https://iko-yo.net/facilities/48673
https://iko-yo.net/facilities?page=985,岡谷市民湖畔広場,https://iko-yo.net/facilities/48760
https://iko-yo.net/facilities?page=985,さわんど温泉　お食事処　しもまき,https://iko-yo.net/facilities/48813
https://iko-yo.net/facilities?page=985,蓼科パークホテル「城戸ホール」　　休館中,https://iko-yo.net/facilities/48893
https://iko-yo.net/facilities?page=985,大宮五十鈴神社,https://iko-yo.net/facilities/48955
https://iko-yo.net/facilities?page=985,パパママも自分の時間を楽しむ！自然に囲まれたリゾート,https://iko-yo.net/listing_ads/23694/listing_clicks?n=234092d53f6355b6a129110ce23a8709c313368ep2p10p59573p0
https://iko-yo.net/facilities?page=985,芦原焼窯元,https://iko-yo.net/facilities/48968
https://iko-yo.net/facilities?page=985,利尻島 郷土資料館,https://iko-yo.net/facilities/48979
https://iko-yo.net/facilities?page=985,塩壺温泉,https://iko-yo.net/facilities/49035
https://iko-yo.net/facilities?page=985,富士見公園歌碑群,https://iko-yo.net/facilities/49095
https://iko-yo.net/facilities?page=985,明治四十四年館,https://iko-yo.net/facilities/49144
https://iko-yo.net/facilities?page=985,妻籠城址,https://iko-yo.net/facilities/49169
https://iko-yo.net/facilities?page=985,やまよし林農園,https://iko-yo.net/facilities/49250
https://iko-yo.net/facilities?page=986,全室スイートルーム！離島リゾートで至福の家族旅を満喫,https://iko-yo.net/listing_ads/23695/listing_clicks?n=f93b0af0853a355758c196f17f8aecac7a251d84p1p11p65325p0
https://iko-yo.net/facilities?page=986,禄剛埼灯台,https://iko-yo.net/facilities/49343
https://iko-yo.net/facilities?page=986,久須夜ヶ岳,https://iko-yo.net/facilities/49381
https://iko-yo.net/facilities?page=986,重要文化財 中村家住宅,https://iko-yo.net/facilities/49481
https://iko-yo.net/facilities?page=986,千羽平野外活動センター,https://iko-yo.net/facilities/49529
https://iko-yo.net/facilities?page=986,大槻伝蔵の碑,https://iko-yo.net/facilities/49552
https://iko-yo.net/facilities?page=986,満天の湯温泉家,https://iko-yo.net/facilities/49558
https://iko-yo.net/facilities?page=986,豊かな自然とふれる！日本初アグリツーリズモリゾート！,https://iko-yo.net/listing_ads/23694/listing_clicks?n=1125a952ec4ae3d16ce5d5dd2dfc5d9b132e8846p2p10p61980p0
https://iko-yo.net/facilities?page=986,川口公園,https://iko-yo.net/facilities/49574
https://iko-yo.net/facilities?page=986,真国寺,https://iko-yo.net/facilities/49581
https://iko-yo.net/facilities?page=986,坐漁荘記念館　興津坐漁荘,https://iko-yo.net/facilities/49584
https://iko-yo.net/facilities?page=986,竹鼻別院,https://iko-yo.net/facilities/49597
https://iko-yo.net/facilities?page=986,無の里休憩所,https://iko-yo.net/facilities/49598
https://iko-yo.net/facilities?page=986,隠居山観音,https://iko-yo.net/facilities/49608
https://iko-yo.net/facilities?page=986,岩巣公園,https://iko-yo.net/facilities/49613
https://iko-yo.net/facilities?page=987,全室スイートルーム！離島リゾートで至福の家族旅を満喫,https://iko-yo.net/listing_ads/23695/listing_clicks?n=f93b0af0853a355758c196f17f8aecac7a251d84p1p11p65325p0
https://iko-yo.net/facilities?page=987,上水公園,https://iko-yo.net/facilities/131584
https://iko-yo.net/facilities?page=987,八ツ面山（八ツ面山公園）,https://iko-yo.net/facilities/131597
https://iko-yo.net/facilities?page=987,コンフォートホテル和歌山,https://iko-yo.net/facilities/131620
https://iko-yo.net/facilities?page=987,岸和田市中央公園,https://iko-yo.net/facilities/131640
https://iko-yo.net/facilities?page=987,小頭町公園,https://iko-yo.net/facilities/131656
https://iko-yo.net/facilities?page=987,一宮公民館,https://iko-yo.net/facilities/131675
https://iko-yo.net/facilities?page=987,小さな子供も自然にふれあえる！快適なリゾートデビュー,https://iko-yo.net/listing_ads/23694/listing_clicks?n=67471a81798015badf34e31e5122cd93ef23a95ep2p10p64576p0
https://iko-yo.net/facilities?page=987,中島西ふれあい公園,https://iko-yo.net/facilities/131676
https://iko-yo.net/facilities?page=987,川中島駅西遊園地,https://iko-yo.net/facilities/131685
https://iko-yo.net/facilities?page=987,かえる公園（東村山市）,https://iko-yo.net/facilities/131692
https://iko-yo.net/facilities?page=987,昭林公園,https://iko-yo.net/facilities/131694
https://iko-yo.net/facilities?page=987,飯綱東高原オートキャンプ場,https://iko-yo.net/facilities/131696
https://iko-yo.net/facilities?page=987,恩多稲荷児童遊園,https://iko-yo.net/facilities/131701
https://iko-yo.net/facilities?page=987,賀蘇山神社,https://iko-yo.net/facilities/43148
https://iko-yo.net/facilities?page=988,青い海に囲まれた離島で！小さな子供のリゾートデビュー,https://iko-yo.net/listing_ads/23695/listing_clicks?n=21fc8724118601b0193c7fd0bbdded6bc550c22bp1p11p64479p0
https://iko-yo.net/facilities?page=988,滝見台,https://iko-yo.net/facilities/73224
https://iko-yo.net/facilities?page=988,高御堂公園,https://iko-yo.net/facilities/73226
https://iko-yo.net/facilities?page=988,眺瞰台,https://iko-yo.net/facilities/73240
https://iko-yo.net/facilities?page=988,花かれん,https://iko-yo.net/facilities/73357
https://iko-yo.net/facilities?page=988,青海中央ふ頭公園,https://iko-yo.net/facilities/73358
https://iko-yo.net/facilities?page=988,有明西ふ頭公園,https://iko-yo.net/facilities/73431
https://iko-yo.net/facilities?page=988,パパママも自分の時間を楽しむ！自然に囲まれたリゾート,https://iko-yo.net/listing_ads/23694/listing_clicks?n=234092d53f6355b6a129110ce23a8709c313368ep2p10p59573p0
https://iko-yo.net/facilities?page=988,豊ヶ丘第9公園,https://iko-yo.net/facilities/74016
https://iko-yo.net/facilities?page=988,宝野公園,https://iko-yo.net/facilities/74027
https://iko-yo.net/facilities?page=988,シンボルロード,https://iko-yo.net/facilities/74116
https://iko-yo.net/facilities?page=988,美浜運動公園,https://iko-yo.net/facilities/74355
https://iko-yo.net/facilities?page=988,安政火口,https://iko-yo.net/facilities/74720
https://iko-yo.net/facilities?page=988,レイクサイドパーク・のとろ,https://iko-yo.net/facilities/74796
https://iko-yo.net/facilities?page=988,宇城市中央公民館,https://iko-yo.net/facilities/74800
https://iko-yo.net/facilities?page=989,全室スイートルーム！離島リゾートで至福の家族旅を満喫,https://iko-yo.net/listing_ads/23695/listing_clicks?n=f93b0af0853a355758c196f17f8aecac7a251d84p1p11p65325p0
https://iko-yo.net/facilities?page=989,フィッシングスポット パスタイム,https://iko-yo.net/facilities/75005
https://iko-yo.net/facilities?page=989,平庭高原,https://iko-yo.net/facilities/75040
https://iko-yo.net/facilities?page=989,須川高原温泉,https://iko-yo.net/facilities/75070
https://iko-yo.net/facilities?page=989,百草台自然公園,https://iko-yo.net/facilities/75089
https://iko-yo.net/facilities?page=989,ハマナス台場公園,https://iko-yo.net/facilities/75141
https://iko-yo.net/facilities?page=989,ノースランドギャラリー,https://iko-yo.net/facilities/75143
https://iko-yo.net/facilities?page=989,豊かな自然とふれる！日本初アグリツーリズモリゾート！,https://iko-yo.net/listing_ads/23694/listing_clicks?n=1125a952ec4ae3d16ce5d5dd2dfc5d9b132e8846p2p10p61980p0
https://iko-yo.net/facilities?page=989,南平丘陵公園,https://iko-yo.net/facilities/75257
https://iko-yo.net/facilities?page=989,おおさわ公園,https://iko-yo.net/facilities/75431
https://iko-yo.net/facilities?page=989,沢田公園,https://iko-yo.net/facilities/75530
https://iko-yo.net/facilities?page=989,Breez（ブリーズ）,https://iko-yo.net/facilities/75723
https://iko-yo.net/facilities?page=989,浅香山公園,https://iko-yo.net/facilities/75749
https://iko-yo.net/facilities?page=989,兵庫県天王ダムスポーツガーデン,https://iko-yo.net/facilities/76084
https://iko-yo.net/facilities?page=989,サスイシリの森,https://iko-yo.net/facilities/76088
https://iko-yo.net/facilities?page=990,全室スイートルーム！離島リゾートで至福の家族旅を満喫,https://iko-yo.net/listing_ads/23695/listing_clicks?n=f93b0af0853a355758c196f17f8aecac7a251d84p1p11p65325p0
https://iko-yo.net/facilities?page=990,御殿山公園（葛飾区）,https://iko-yo.net/facilities/76129
https://iko-yo.net/facilities?page=990,スタルヒン球場,https://iko-yo.net/facilities/76258
https://iko-yo.net/facilities?page=990,新坂下公園,https://iko-yo.net/facilities/76317
https://iko-yo.net/facilities?page=990,四ツ谷前公園,https://iko-yo.net/facilities/76327
https://iko-yo.net/facilities?page=990,よそう森公園,https://iko-yo.net/facilities/76730
https://iko-yo.net/facilities?page=990,金蔵寺児童公園,https://iko-yo.net/facilities/76796
https://iko-yo.net/facilities?page=990,小さな子供も自然にふれあえる！快適なリゾートデビュー,https://iko-yo.net/listing_ads/23694/listing_clicks?n=67471a81798015badf34e31e5122cd93ef23a95ep2p10p64576p0
https://iko-yo.net/facilities?page=990,西水元水辺の公園,https://iko-yo.net/facilities/76918
https://iko-yo.net/facilities?page=990,向台公園（西東京市）,https://iko-yo.net/facilities/76994
https://iko-yo.net/facilities?page=990,桜通り広場公園,https://iko-yo.net/facilities/77012
https://iko-yo.net/facilities?page=990,物見山公園,https://iko-yo.net/facilities/77193
https://iko-yo.net/facilities?page=990,稲荷林公園,https://iko-yo.net/facilities/77233
https://iko-yo.net/facilities?page=990,野沢二丁目公園(旧野沢第二児童遊園）,https://iko-yo.net/facilities/77241
https://iko-yo.net/facilities?page=990,道の駅 あさひまち,https://iko-yo.net/facilities/77286
https://iko-yo.net/facilities?page=991,全室スイートルーム！離島リゾートで至福の家族旅を満喫,https://iko-yo.net/listing_ads/23695/listing_clicks?n=f93b0af0853a355758c196f17f8aecac7a251d84p1p11p65325p0
https://iko-yo.net/facilities?page=991,グリーンステイながうら,https://iko-yo.net/facilities/35530
https://iko-yo.net/facilities?page=991,竹原町並み保存地区,https://iko-yo.net/facilities/35565
https://iko-yo.net/facilities?page=991,宇内ホタル公園,https://iko-yo.net/facilities/35599
https://iko-yo.net/facilities?page=991,三四郎岩,https://iko-yo.net/facilities/35633
https://iko-yo.net/facilities?page=991,四万十楽舎,https://iko-yo.net/facilities/35660
https://iko-yo.net/facilities?page=991,大池オートキャンプ場,https://iko-yo.net/facilities/35674
https://iko-yo.net/facilities?page=991,パパママも自分の時間を楽しむ！自然に囲まれたリゾート,https://iko-yo.net/listing_ads/23694/listing_clicks?n=234092d53f6355b6a129110ce23a8709c313368ep2p10p59573p0
https://iko-yo.net/facilities?page=991,絵本とおはなしの店　国分寺　おばあさんの知恵袋,https://iko-yo.net/facilities/35692
https://iko-yo.net/facilities?page=991,灰塚ダム,https://iko-yo.net/facilities/35830
https://iko-yo.net/facilities?page=991,光スポーツ公園,https://iko-yo.net/facilities/35833
https://iko-yo.net/facilities?page=991,トラちゃん田んぼ,https://iko-yo.net/facilities/35847
https://iko-yo.net/facilities?page=991,田中公園,https://iko-yo.net/facilities/35865
https://iko-yo.net/facilities?page=991,かたくり初恋公園,https://iko-yo.net/facilities/35900
https://iko-yo.net/facilities?page=991,赤浦海岸,https://iko-yo.net/facilities/36028
https://iko-yo.net/facilities?page=992,全室スイートルーム！離島リゾートで至福の家族旅を満喫,https://iko-yo.net/listing_ads/23695/listing_clicks?n=f93b0af0853a355758c196f17f8aecac7a251d84p1p11p65325p0
https://iko-yo.net/facilities?page=992,フタップの滝,https://iko-yo.net/facilities/68973
https://iko-yo.net/facilities?page=992,ボッケ（第２硫黄山）,https://iko-yo.net/facilities/68988
https://iko-yo.net/facilities?page=992,ポロト湖 ワカサギ釣り,https://iko-yo.net/facilities/68998
https://iko-yo.net/facilities?page=992,ゆうばり文化スポーツセンター,https://iko-yo.net/facilities/69031
https://iko-yo.net/facilities?page=992,石狩川親水緑地公園,https://iko-yo.net/facilities/69060
https://iko-yo.net/facilities?page=992,えんべつ旭温泉,https://iko-yo.net/facilities/69065
https://iko-yo.net/facilities?page=992,小さな子供も自然にふれあえる！快適なリゾートデビュー,https://iko-yo.net/listing_ads/23694/listing_clicks?n=67471a81798015badf34e31e5122cd93ef23a95ep2p10p64576p0
https://iko-yo.net/facilities?page=992,一本山展望タワー,https://iko-yo.net/facilities/69096
https://iko-yo.net/facilities?page=992,中札内村豆資料館 Mr.beans邸,https://iko-yo.net/facilities/69130
https://iko-yo.net/facilities?page=992,中津湖,https://iko-yo.net/facilities/69139
https://iko-yo.net/facilities?page=992,鳥取10号公園,https://iko-yo.net/facilities/69161
https://iko-yo.net/facilities?page=992,自然運動公園（津別町）,https://iko-yo.net/facilities/69163
https://iko-yo.net/facilities?page=992,東庭園,https://iko-yo.net/facilities/69203
https://iko-yo.net/facilities?page=992,洞爺総合センター,https://iko-yo.net/facilities/69228
https://iko-yo.net/facilities?page=993,全室スイートルーム！離島リゾートで至福の家族旅を満喫,https://iko-yo.net/listing_ads/23695/listing_clicks?n=f93b0af0853a355758c196f17f8aecac7a251d84p1p11p65325p0
https://iko-yo.net/facilities?page=993,西六郷四丁目公園,https://iko-yo.net/facilities/65690
https://iko-yo.net/facilities?page=993,八幡塚公園,https://iko-yo.net/facilities/65704
https://iko-yo.net/facilities?page=993,上山市民球場,https://iko-yo.net/facilities/65735
https://iko-yo.net/facilities?page=993,サン・スポーツランド河北,https://iko-yo.net/facilities/65742
https://iko-yo.net/facilities?page=993,三国池,https://iko-yo.net/facilities/65747
https://iko-yo.net/facilities?page=993,ひらの湯,https://iko-yo.net/facilities/65789
https://iko-yo.net/facilities?page=993,豊かな自然とふれる！日本初アグリツーリズモリゾート！,https://iko-yo.net/listing_ads/23694/listing_clicks?n=1125a952ec4ae3d16ce5d5dd2dfc5d9b132e8846p2p10p61980p0
https://iko-yo.net/facilities?page=993,稲沢市市民球場,https://iko-yo.net/facilities/65853
https://iko-yo.net/facilities?page=993,糸満球技場,https://iko-yo.net/facilities/65858
https://iko-yo.net/facilities?page=993,蒲郡市公園グラウンド,https://iko-yo.net/facilities/65859
https://iko-yo.net/facilities?page=993,中央図書館（稲沢市）,https://iko-yo.net/facilities/65877
https://iko-yo.net/facilities?page=993,南城市立知念図書館,https://iko-yo.net/facilities/65884
https://iko-yo.net/facilities?page=993,犬山市内田防災公園・名証犬山総合運動場,https://iko-yo.net/facilities/65933
https://iko-yo.net/facilities?page=993,水戸市立中央図書館,https://iko-yo.net/facilities/66007
https://iko-yo.net/facilities?page=994,全室スイートルーム！離島リゾートで至福の家族旅を満喫,https://iko-yo.net/listing_ads/23695/listing_clicks?n=f93b0af0853a355758c196f17f8aecac7a251d84p1p11p65325p0
https://iko-yo.net/facilities?page=994,よつば公園,https://iko-yo.net/facilities/94229
https://iko-yo.net/facilities?page=994,ふたば公園（和光市）,https://iko-yo.net/facilities/94241
https://iko-yo.net/facilities?page=994,桜井児童公園,https://iko-yo.net/facilities/94553
https://iko-yo.net/facilities?page=994,ホテルニューグランド ル グラン,https://iko-yo.net/facilities/94580
https://iko-yo.net/facilities?page=994,イノダコーヒー横浜高島屋支店,https://iko-yo.net/facilities/94616
https://iko-yo.net/facilities?page=994,メレンゲ,https://iko-yo.net/facilities/94698
https://iko-yo.net/facilities?page=994,豊かな自然とふれる！日本初アグリツーリズモリゾート！,https://iko-yo.net/listing_ads/23694/listing_clicks?n=1125a952ec4ae3d16ce5d5dd2dfc5d9b132e8846p2p10p61980p0
https://iko-yo.net/facilities?page=994,カフェ・ピアネータ（CAFFE DEL Pianeta）,https://iko-yo.net/facilities/94700
https://iko-yo.net/facilities?page=994,高宕山,https://iko-yo.net/facilities/94733
https://iko-yo.net/facilities?page=994,四稜郭,https://iko-yo.net/facilities/94760
https://iko-yo.net/facilities?page=994,bills（ビルズ）横浜赤レンガ倉庫,https://iko-yo.net/facilities/94815
https://iko-yo.net/facilities?page=994,世界チャンピオン　皇朝レストラン,https://iko-yo.net/facilities/94949
https://iko-yo.net/facilities?page=994,【休業中】酔龍,https://iko-yo.net/facilities/94953
https://iko-yo.net/facilities?page=994,春日の枝垂れ桜,https://iko-yo.net/facilities/94956
https://iko-yo.net/facilities?page=995,全室スイートルーム！離島リゾートで至福の家族旅を満喫,https://iko-yo.net/listing_ads/23695/listing_clicks?n=f93b0af0853a355758c196f17f8aecac7a251d84p1p11p65325p0
https://iko-yo.net/facilities?page=995,石黒墳墓,https://iko-yo.net/facilities/46262
https://iko-yo.net/facilities?page=995,ノミレイク野鳥観察舎,https://iko-yo.net/facilities/46300
https://iko-yo.net/facilities?page=995,柏崎さけのふるさと公園,https://iko-yo.net/facilities/46332
https://iko-yo.net/facilities?page=995,柏崎市総合体育館,https://iko-yo.net/facilities/46385
https://iko-yo.net/facilities?page=995,真宗大谷派金沢別院,https://iko-yo.net/facilities/46406
https://iko-yo.net/facilities?page=995,優徳農村公園,https://iko-yo.net/facilities/46414
https://iko-yo.net/facilities?page=995,豊かな自然とふれる！日本初アグリツーリズモリゾート！,https://iko-yo.net/listing_ads/23694/listing_clicks?n=1125a952ec4ae3d16ce5d5dd2dfc5d9b132e8846p2p10p61980p0
https://iko-yo.net/facilities?page=995,有珠山 金比羅山 火口,https://iko-yo.net/facilities/46465
https://iko-yo.net/facilities?page=995,鳥越の宿 三楽園,https://iko-yo.net/facilities/46487
https://iko-yo.net/facilities?page=995,湊湯,https://iko-yo.net/facilities/46496
https://iko-yo.net/facilities?page=995,麒麟山温泉　絵かきの宿　福泉,https://iko-yo.net/facilities/46541
https://iko-yo.net/facilities?page=995,上川郷土資料館,https://iko-yo.net/facilities/46559
https://iko-yo.net/facilities?page=995,石上神社,https://iko-yo.net/facilities/46573
https://iko-yo.net/facilities?page=995,網代浜海水浴場,https://iko-yo.net/facilities/46595
https://iko-yo.net/facilities?page=996,青い海に囲まれた離島で！小さな子供のリゾートデビュー,https://iko-yo.net/listing_ads/23695/listing_clicks?n=21fc8724118601b0193c7fd0bbdded6bc550c22bp1p11p64479p0
https://iko-yo.net/facilities?page=996,nonowa武蔵小金井（ノノワ武蔵小金井）,https://iko-yo.net/facilities/80643
https://iko-yo.net/facilities?page=996,大蓮公園,https://iko-yo.net/facilities/80715
https://iko-yo.net/facilities?page=996,芝久保第一公園,https://iko-yo.net/facilities/80751
https://iko-yo.net/facilities?page=996,大通寺公園,https://iko-yo.net/facilities/80761
https://iko-yo.net/facilities?page=996,加曽利市民の森,https://iko-yo.net/facilities/80774
https://iko-yo.net/facilities?page=996,北町ポケットパーク,https://iko-yo.net/facilities/80799
https://iko-yo.net/facilities?page=996,パパママも自分の時間を楽しむ！自然に囲まれたリゾート,https://iko-yo.net/listing_ads/23694/listing_clicks?n=234092d53f6355b6a129110ce23a8709c313368ep2p10p59573p0
https://iko-yo.net/facilities?page=996,大内ダム公園,https://iko-yo.net/facilities/80807
https://iko-yo.net/facilities?page=996,石坂の森,https://iko-yo.net/facilities/80835
https://iko-yo.net/facilities?page=996,柴田町　三名生児童館,https://iko-yo.net/facilities/80861
https://iko-yo.net/facilities?page=996,fine diner & salon bar 7-NANA-（ファインダイナーアンドサロンバー ナナ）,https://iko-yo.net/facilities/80895
https://iko-yo.net/facilities?page=996,蒲町児童館,https://iko-yo.net/facilities/80899
https://iko-yo.net/facilities?page=996,衣笠公園,https://iko-yo.net/facilities/80927
https://iko-yo.net/facilities?page=996,RaiBoC Hall（市民会館おおみや）,https://iko-yo.net/facilities/80944
https://iko-yo.net/facilities?page=997,非日常を過ごせる極上のビーチリゾート！思い出の家族旅,https://iko-yo.net/listing_ads/23695/listing_clicks?n=9614d2e3d2c8b0b9ac86b3b6f817838d7d51a9fcp1p11p57823p0
https://iko-yo.net/facilities?page=997,大宝児童館,https://iko-yo.net/facilities/81039
https://iko-yo.net/facilities?page=997,西府プール,https://iko-yo.net/facilities/81040
https://iko-yo.net/facilities?page=997,武蔵台プール,https://iko-yo.net/facilities/81043
https://iko-yo.net/facilities?page=997,貝塚憩の森,https://iko-yo.net/facilities/81096
https://iko-yo.net/facilities?page=997,永井児童センター,https://iko-yo.net/facilities/81160
https://iko-yo.net/facilities?page=997,桜塚公園,https://iko-yo.net/facilities/81184
https://iko-yo.net/facilities?page=997,小さな子供も自然にふれあえる！快適なリゾートデビュー,https://iko-yo.net/listing_ads/23694/listing_clicks?n=67471a81798015badf34e31e5122cd93ef23a95ep2p10p64576p0
https://iko-yo.net/facilities?page=997,宇佐崎公園,https://iko-yo.net/facilities/81198
https://iko-yo.net/facilities?page=997,庄内北公園,https://iko-yo.net/facilities/81201
https://iko-yo.net/facilities?page=997,瑞穂市図書館・分館,https://iko-yo.net/facilities/81273
https://iko-yo.net/facilities?page=997,彦島南公園,https://iko-yo.net/facilities/81310
https://iko-yo.net/facilities?page=997,大宮の森,https://iko-yo.net/facilities/81321
https://iko-yo.net/facilities?page=997,川した,https://iko-yo.net/facilities/81336
https://iko-yo.net/facilities?page=997,宮崎市立図書館,https://iko-yo.net/facilities/81410
https://iko-yo.net/facilities?page=998,非日常を過ごせる極上のビーチリゾート！思い出の家族旅,https://iko-yo.net/listing_ads/23695/listing_clicks?n=9614d2e3d2c8b0b9ac86b3b6f817838d7d51a9fcp1p11p57823p0
https://iko-yo.net/facilities?page=998,※改修工事中※熊野大社考古館,https://iko-yo.net/facilities/53744
https://iko-yo.net/facilities?page=998,秋田県埋蔵文化財センター,https://iko-yo.net/facilities/53762
https://iko-yo.net/facilities?page=998,タライ岬遊歩道,https://iko-yo.net/facilities/53807
https://iko-yo.net/facilities?page=998,和歌の浦遊歩道,https://iko-yo.net/facilities/53897
https://iko-yo.net/facilities?page=998,スズキマリーナ三河御津,https://iko-yo.net/facilities/53918
https://iko-yo.net/facilities?page=998,六角地蔵堂,https://iko-yo.net/facilities/53945
https://iko-yo.net/facilities?page=998,小さな子供も自然にふれあえる！快適なリゾートデビュー,https://iko-yo.net/listing_ads/23694/listing_clicks?n=67471a81798015badf34e31e5122cd93ef23a95ep2p10p64576p0
https://iko-yo.net/facilities?page=998,うたのぼり健康回復村　ふれあいの森,https://iko-yo.net/facilities/54104
https://iko-yo.net/facilities?page=998,新橋浅間神社,https://iko-yo.net/facilities/54238
https://iko-yo.net/facilities?page=998,二岡神社,https://iko-yo.net/facilities/54240
https://iko-yo.net/facilities?page=998,双子山,https://iko-yo.net/facilities/54247
https://iko-yo.net/facilities?page=998,油山温泉元湯館,https://iko-yo.net/facilities/54297
https://iko-yo.net/facilities?page=998,手力雄神社,https://iko-yo.net/facilities/54316
https://iko-yo.net/facilities?page=998,下清水八幡神社,https://iko-yo.net/facilities/54329
https://iko-yo.net/facilities?page=999,全室スイートルーム！離島リゾートで至福の家族旅を満喫,https://iko-yo.net/listing_ads/23695/listing_clicks?n=f93b0af0853a355758c196f17f8aecac7a251d84p1p11p65325p0
https://iko-yo.net/facilities?page=999,おしか家族旅行村オートキャンプ場,https://iko-yo.net/facilities/40502
https://iko-yo.net/facilities?page=999,弁天山公園（小松島市）,https://iko-yo.net/facilities/40531
https://iko-yo.net/facilities?page=999,米子市立山陰歴史館,https://iko-yo.net/facilities/40610
https://iko-yo.net/facilities?page=999,三隅発電所ふれあいホール,https://iko-yo.net/facilities/40659
https://iko-yo.net/facilities?page=999,ひばごん郷温泉 すずらんの湯,https://iko-yo.net/facilities/40661
https://iko-yo.net/facilities?page=999,神楽の宿,https://iko-yo.net/facilities/40679
https://iko-yo.net/facilities?page=999,パパママも自分の時間を楽しむ！自然に囲まれたリゾート,https://iko-yo.net/listing_ads/23694/listing_clicks?n=234092d53f6355b6a129110ce23a8709c313368ep2p10p59573p0
https://iko-yo.net/facilities?page=999,東広島市三永歴史民俗資料館,https://iko-yo.net/facilities/40755
https://iko-yo.net/facilities?page=999,game fish park BIG ROCK,https://iko-yo.net/facilities/40796
https://iko-yo.net/facilities?page=999,笠間クラインガルテン,https://iko-yo.net/facilities/40841
https://iko-yo.net/facilities?page=999,水辺の楽校公園,https://iko-yo.net/facilities/40859
https://iko-yo.net/facilities?page=999,蕎麦ヶ岳,https://iko-yo.net/facilities/40881
https://iko-yo.net/facilities?page=999,つくば市谷田部老人福祉センター,https://iko-yo.net/facilities/40887
https://iko-yo.net/facilities?page=999,北島チューリップ公園,https://iko-yo.net/facilities/40932
https://iko-yo.net/facilities?page=1000,非日常を過ごせる極上のビーチリゾート！思い出の家族旅,https://iko-yo.net/listing_ads/23695/listing_clicks?n=9614d2e3d2c8b0b9ac86b3b6f817838d7d51a9fcp1p11p57823p0
https://iko-yo.net/facilities?page=1000,比熊山城跡,https://iko-yo.net/facilities/39123
https://iko-yo.net/facilities?page=1000,敷地神社,https://iko-yo.net/facilities/39128
https://iko-yo.net/facilities?page=1000,定山渓温泉　湯の花,https://iko-yo.net/facilities/39163
https://iko-yo.net/facilities?page=1000,宮の前廃寺跡,https://iko-yo.net/facilities/39246
https://iko-yo.net/facilities?page=1000,久慈平岳キャンプ場,https://iko-yo.net/facilities/39269
https://iko-yo.net/facilities?page=1000,田舎cafe おそらゆき,https://iko-yo.net/facilities/39283
https://iko-yo.net/facilities?page=1000,パパママも自分の時間を楽しむ！自然に囲まれたリゾート,https://iko-yo.net/listing_ads/23694/listing_clicks?n=234092d53f6355b6a129110ce23a8709c313368ep2p10p59573p0
https://iko-yo.net/facilities?page=1000,愛宕山展望台・湯かむりの塔,https://iko-yo.net/facilities/39327
https://iko-yo.net/facilities?page=1000,神之瀬峡県立自然公園,https://iko-yo.net/facilities/39331
https://iko-yo.net/facilities?page=1000,東郷湖畔公園,https://iko-yo.net/facilities/39357
https://iko-yo.net/facilities?page=1000,黒瀬ダム,https://iko-yo.net/facilities/39436
https://iko-yo.net/facilities?page=1000,旧田辺邸,https://iko-yo.net/facilities/39454
https://iko-yo.net/facilities?page=1000,森郷キャンプ場,https://iko-yo.net/facilities/39494
https://iko-yo.net/facilities?page=1000,敷山城跡,https://iko-yo.net/facilities/39567